"","barrio_nombre","codigo_barrio","anos","cambio_relativo","diferencia"
"2","CHAPINERO NORTE","8214","2012 a 2020 ","aumento",2156400
"3","CHICO NORTE","8307","2012 a 2020 ","aumento",3650432.03636364
"4","EL CHICO","8308","2012 a 2020 ","aumento",2680364.70886076
"5","CHICO NORTE III SECTOR","8315","2012 a 2020 ","aumento",3282293.12067797
"6","LA CALLEJA","8401","2012 a 2020 ","aumento",2634460.81081081
"7","COUNTRY CLUB","8402","2012 a 2020 ","aumento",2683302
"8","SANTA BARBARA CENTRAL","8415","2012 a 2020 ","aumento",2762561.07142857
"9","MOLINOS NORTE","8416","2012 a 2020 ","aumento",2794477.42857143
"10","SANTA BARBARA OCCIDENTAL","8417","2012 a 2020 ","aumento",2744936.17021277
"11","EL TOBERIN","8501","2012 a 2020 ","aumento",1784305.58701299
"12","LA PRADERA NORTE","8502","2012 a 2020 ","aumento",1678247.03164983
"13","LUSITANIA","6509","2012 a 2020 ","aumento",984718.18
"14","EL CONTADOR","8514","2012 a 2020 ","aumento",1759321.2395
"15","LOS CEDROS","8515","2012 a 2020 ","aumento",1689280.33263889
"16","CAOBOS SALAZAR","8518","2012 a 2020 ","aumento",1736125.02953488
"17","LA URIBE","8525","2012 a 2020 ","aumento",1262232.7
"18","VERBENAL SAN ANTONIO","8537","2012 a 2020 ","aumento",1423181.43965517
"19","BRITALIA","9102","2012 a 2020 ","aumento",1744946.42857143
"20","VICTORIA NORTE","9104","2012 a 2020 ","aumento",1944785.72580645
"21","PRADO PINZON","9105","2012 a 2020 ","aumento",2019889.92537313
"22","NIZA SUR","9109","2012 a 2020 ","aumento",1033379.88392857
"23","PRADO VERANIEGO NORTE","9116","2012 a 2020 ","aumento",1611087.59019426
"24","PRADO VERANIEGO SUR","9117","2012 a 2020 ","aumento",1592687.23780488
"25","NUEVA ZELANDIA","9120","2012 a 2020 ","aumento",1724765.95744681
"26","LAS VILLAS","9122","2012 a 2020 ","aumento",1138484.84848485
"27","PUENTE LARGO","9124","2012 a 2020 ","aumento",1488445.16129032
"28","ESTORIL","9126","2012 a 2020 ","aumento",1376180.98214286
"29","PORTALES DEL NORTE","9135","2012 a 2020 ","aumento",1504897.43589744
"30","LA LOMITA","107112","2012 a 2020 ","aumento",89933.3333333333
"31","EL RINCON","9202","2012 a 2020 ","aumento",1226722.22222222
"32","PUERTA DEL SOL","9203","2012 a 2020 ","aumento",1682750
"33","EL RINCON NORTE","9204","2012 a 2020 ","aumento",1391250
"34","COSTA AZUL","9208","2012 a 2020 ","aumento",1738500
"35","VILLA MARIA","9209","2012 a 2020 ","aumento",1741450.98039216
"36","EL POA","9211","2012 a 2020 ","aumento",1584241.93548387
"37","TTES DE COLOMBIA","9223","2012 a 2020 ","aumento",1490592.58474576
"38","TIBABUYES UNIVERSAL","9225","2012 a 2020 ","aumento",1350735.65306122
"39","LECH WALESA","9227","2012 a 2020 ","aumento",1485983.43478261
"40","LOMBARDIA","9228","2012 a 2020 ","aumento",1695494.67803279
"41","LA CORUNA","2420","2012 a 2020 ","aumento",1541701
"42","LOS CEREZOS","5616","2012 a 2020 ","aumento",1199087.17234694
"43","CLUB DE LOS LAGARTOS","9121","2012 a 2020 ","aumento",951725
"44","GARCES NAVAS ORIENTAL","5628","2012 a 2020 ","aumento",1746337.07865169
"45","PROVIVIENDA OCCIDENTAL","4505","2012 a 2020 ","aumento",1564260.41666667
"46","CASABLANCA SUBA URBANO","9136","2012 a 2020 ","aumento",135784.143763214
"47","LAS MARGARITAS","4316","2012 a 2020 ","aumento",998755.444444444
"48","TIMIZA","4512","2012 a 2020 ","aumento",1631808.5106383
"49","SAN JOSE DE FONTIBON","6403","2012 a 2020 ","aumento",1264634.14634146
"50","SAN CAYETANO","9230","2012 a 2020 ","aumento",996312.972086985
"51","CIUDAD SALITRE NOR-ORIENTAL","6216","2012 a 2020 ","aumento",1387521.1025641
"52","EL BOSQUE SUR ORIENTAL RURAL III","202309","2012 a 2020 ","se mantuvo",0
"53","SAN BERNARDINO XIX","205319","2012 a 2020 ","aumento",139097.794117647
"54","TORCA II","208128","2012 a 2020 ","se mantuvo",0
"55","SAN JOSE SUR","1401","2012 a 2020 ","aumento",1243620.68965517
"56","SABANA DE TIBABUYES","9232","2012 a 2020 ","aumento",1519629.06558333
"57","SABANA DE TIBABUYES NORTE","9234","2012 a 2020 ","aumento",1394759.17227273
"58","TIBABUYES","9233","2012 a 2020 ","aumento",1683459.01639344
"59","TUNA BAJA","9242","2012 a 2020 ","aumento",1103903.90009434
"60","PARCELA EL PORVENIR","4630","2012 a 2020 ","aumento",934671.603448276
"61","JULIO FLOREZ","5403","2012 a 2020 ","aumento",1531358.25675676
"62","CIUDADELA COLSUBSIDIO","5650","2012 a 2020 ","aumento",1318879.31034483
"63","NUEVO TECHO","6507","2012 a 2020 ","aumento",1463388.8125
"64","ENGATIVA ZONA URBANA","5636","2012 a 2020 ","aumento",1186168.24074074
"65","RESTREPO","2103","2012 a 2020 ","aumento",1736468.62835714
"66","RESTREPO OCCIDENTAL","2104","2012 a 2020 ","aumento",1827824.67532468
"67","QUIROGA","2202","2012 a 2020 ","aumento",1466744.35416667
"68","QUIROGA SUR","2204","2012 a 2020 ","aumento",1367469.3877551
"69","SANTA LUCIA","2205","2012 a 2020 ","aumento",1183859.375
"70","QUIROGA I","2209","2012 a 2020 ","aumento",1381068.04807692
"71","CENTENARIO","2303","2012 a 2020 ","aumento",1150569.44444444
"72","INGLES","2307","2012 a 2020 ","aumento",1191320.4516129
"73","VILLA MAYOR ORIENTAL","2309","2012 a 2020 ","aumento",1350389.38461538
"74","VILLA MAYOR","2311","2012 a 2020 ","aumento",1683217.19565217
"75","TUNAL ORIENTAL","2401","2012 a 2020 ","aumento",1489341.23529412
"76","SAN VICENTE FERRER","2402","2012 a 2020 ","aumento",1421337.20930233
"77","VENECIA OCCIDENTAL","2403","2012 a 2020 ","aumento",1508200.61111111
"78","VENECIA","2404","2012 a 2020 ","aumento",2106593.75
"79","FATIMA","2408","2012 a 2020 ","aumento",1405473.68421053
"80","NUEVO MUZU","2409","2012 a 2020 ","aumento",1426877.15053763
"81","VERONA","2412","2012 a 2020 ","aumento",1088854.83870968
"82","MADELENA","2415","2012 a 2020 ","aumento",1932019.86597701
"83","BOCHICA","4211","2012 a 2020 ","aumento",1774085.77777778
"84","TIBANA","4212","2012 a 2020 ","aumento",1601817.596139
"85","GALAN","4304","2012 a 2020 ","aumento",1755136.52777778
"86","LA CAMELIA","4309","2012 a 2020 ","aumento",1755575.75757576
"87","SAN EUSEBIO","4401","2012 a 2020 ","aumento",1880295.03278689
"88","AUTOPISTA MUZU","4403","2012 a 2020 ","aumento",1289168.6746988
"89","AUTOPISTA SUR","4404","2012 a 2020 ","aumento",1224286.95652174
"90","OSPINA PEREZ SUR","4405","2012 a 2020 ","aumento",1866488.76404494
"91","ALCALA","4407","2012 a 2020 ","aumento",1319883.72093023
"92","REMANSO SUR","4412","2012 a 2020 ","aumento",1841752.92857143
"93","HIPOTECHO","4501","2012 a 2020 ","aumento",1056558.34803528
"94","ARBORIZADORA BAJA","2432","2012 a 2020 ","aumento",1437009.76923077
"95","LA CAPUCHINA","3108","2012 a 2020 ","aumento",4489920
"96","SAN BERNARDO","3201","2012 a 2020 ","aumento",607069.76744186
"97","LA SABANA","4102","2012 a 2020 ","aumento",1835666.66666667
"98","LA ESTANZUELA","4104","2012 a 2020 ","aumento",1674890.56603774
"99","EDUARDO SANTOS","4105","2012 a 2020 ","aumento",1463780.82191781
"100","SANTA ISABEL","4108","2012 a 2020 ","aumento",1527075.722
"101","EL PROGRESO","4111","2012 a 2020 ","aumento",1493700
"102","LA ASUNCION","4203","2012 a 2020 ","aumento",1773522.72727273
"103","MONTES","4204","2012 a 2020 ","aumento",1636599.89830508
"104","PRIMAVERA OCCIDENTAL","4205","2012 a 2020 ","aumento",1703875.25757576
"105","JORGE GAITAN CORTES","4210","2012 a 2020 ","aumento",1692115.38461538
"106","CIUDAD KENNEDY CENTRAL","4511","2012 a 2020 ","aumento",1426382.71604938
"107","CIUDAD KENNEDY NORTE","4514","2012 a 2020 ","aumento",1086467.39130435
"108","BOITA","4516","2012 a 2020 ","aumento",1416878.32
"109","SAN PABLO BOSA","4524","2012 a 2020 ","aumento",1195351.06382979
"110","PASTRANA","4525","2012 a 2020 ","aumento",1465731.34328358
"111","BOSA NOVA","4526","2012 a 2020 ","aumento",1128504.72413793
"112","NUEVA GRANADA BOSA","4527","2012 a 2020 ","aumento",1055577.77777778
"113","LA CECILIA","4532","2012 a 2020 ","aumento",1564857.82575758
"114","EL RETAZO","4533","2012 a 2020 ","aumento",1013638.65909091
"115","GALAN","4627","2012 a 2020 ","aumento",884110.243448276
"116","EL CORZO","4631","2012 a 2020 ","aumento",1112686.33404295
"117","SANTA FE BOSA","4633","2012 a 2020 ","aumento",1263279.34111187
"118","ISLANDIA","4642","2012 a 2020 ","aumento",907820.375
"119","JOSE JOAQUIN VARGAS","5101","2012 a 2020 ","aumento",1468913.04347826
"120","CAMPIN OCCIDENTAL","5105","2012 a 2020 ","aumento",2396000
"121","ACEVEDO TEJADA","5107","2012 a 2020 ","aumento",1841866.66666667
"122","CIUDAD UNIVERSITARIA","5108","2012 a 2020 ","aumento",176000
"123","EL SALITRE","5110","2012 a 2020 ","aumento",1898081.76470588
"124","JORGE ELIECER GAITAN","5201","2012 a 2020 ","aumento",1994158.73015873
"125","SAN FERNANDO","5203","2012 a 2020 ","aumento",1736436.36363636
"126","ROMA","4534","2012 a 2020 ","aumento",1451822.22222222
"127","CLASS","4535","2012 a 2020 ","aumento",1072086.95652174
"128","OLARTE","4538","2012 a 2020 ","aumento",1583597.56097561
"129","GRAN COLOMBIANO","4539","2012 a 2020 ","aumento",945479.144578313
"130","CATALINA II","4540","2012 a 2020 ","aumento",1305275.95833333
"131","ALQUERIA LA FRAGUA NORTE","4542","2012 a 2020 ","aumento",1192744.44444444
"132","ABRAHAM LINCOLN","2507","2012 a 2020 ","aumento",708333.6875
"133","LA ALAMEDA","3101","2012 a 2020 ","aumento",1778037.03703704
"134","SANTA INES","3107","2012 a 2020 ","aumento",3957522.48387097
"135","SAN BERNARDINO I","4597","2012 a 2020 ","aumento",825507.3203125
"136","VILLA ANNY II","4599","2012 a 2020 ","aumento",1100000
"137","CALANDAIMA","4601","2012 a 2020 ","aumento",1389480.06829114
"138","BRASILIA","4604","2012 a 2020 ","aumento",1297220.93023256
"139","EL JAZMIN","4611","2012 a 2020 ","aumento",832167.483867924
"140","DINDALITO","4612","2012 a 2020 ","aumento",1394489.69072165
"141","DINDALITO","4614","2012 a 2020 ","aumento",1216977.27272727
"142","CHUCUA DE LA VACA II","4620","2012 a 2020 ","aumento",1056790.12345679
"143","CHUCUA DE LA VACA I","4621","2012 a 2020 ","aumento",1019929.54069767
"144","SAN BERNARDINO POTRERITOS","4623","2012 a 2020 ","aumento",849100
"145","LAS ACACIAS","4626","2012 a 2020 ","aumento",568190.29
"146","HIPOTECHO OCCIDENTAL","4502","2012 a 2020 ","aumento",1567678.18867925
"147","PROVIVIENDA ORIENTAL","4503","2012 a 2020 ","aumento",1683731.70731707
"148","PROVIVIENDA","4504","2012 a 2020 ","aumento",1759189.47368421
"149","LA CAMPINA","4506","2012 a 2020 ","aumento",1639625.85507246
"150","CIUDAD KENNEDY SUR","4507","2012 a 2020 ","aumento",1230565.96629213
"151","CIUDAD KENNEDY","4509","2012 a 2020 ","aumento",1328468.75
"152","CIUDAD KENNEDY ORIENTAL","4510","2012 a 2020 ","aumento",1453580.64516129
"153","GALERIAS","7207","2012 a 2020 ","aumento",1625740.74074074
"154","ALFONSO LOPEZ","7209","2012 a 2020 ","aumento",1742370.95121951
"155","CONCEPCION NORTE","7304","2012 a 2020 ","aumento",2021578.94736842
"156","BAQUERO","7306","2012 a 2020 ","aumento",1557545.45454545
"157","BENJAMIN HERRERA","7309","2012 a 2020 ","aumento",1705056.88888889
"158","POLO CLUB","7401","2012 a 2020 ","aumento",1664013.22666667
"159","JUAN XXIII","7402","2012 a 2020 ","aumento",2238478.26086957
"160","SANTA SOFIA","7406","2012 a 2020 ","aumento",2041833.33333333
"161","LA AURORA","7407","2012 a 2020 ","aumento",2031769.23076923
"162","SAMPER","8108","2012 a 2020 ","aumento",2547000
"163","SAN FERNANDO OCCIDENTAL","5204","2012 a 2020 ","aumento",1829536.36363636
"164","LA LIBERTAD","5206","2012 a 2020 ","aumento",1752354.83870968
"165","LA CASTELLANA","5304","2012 a 2020 ","aumento",2508421.82809224
"166","POPULAR MODELO","5102","2012 a 2020 ","aumento",1625707.69230769
"167","ENTRERIOS","5306","2012 a 2020 ","aumento",1809216.19230769
"168","POTOSI","5401","2012 a 2020 ","aumento",1266733.22560976
"169","SANTA ROSA","5402","2012 a 2020 ","aumento",1578277.05405405
"170","BONANZA","5406","2012 a 2020 ","aumento",2301283.28333333
"171","LA ESTRADA","5502","2012 a 2020 ","aumento",2082750
"172","BELLAVISTA OCCIDENTAL","5503","2012 a 2020 ","aumento",1962041.0462963
"173","BOSQUE POPULAR","5505","2012 a 2020 ","aumento",1965444.44444444
"174","LA CABANA","5508","2012 a 2020 ","aumento",1903888.88888889
"175","EL MINUTO DE DIOS","5601","2012 a 2020 ","aumento",1687968.83256572
"176","BOYACA","5603","2012 a 2020 ","aumento",1982533.33333333
"177","EL REAL","5604","2012 a 2020 ","aumento",2053200
"178","EL ENCANTO","5605","2012 a 2020 ","aumento",1806785.25641026
"179","NORMANDIA OCCIDENTAL","5606","2012 a 2020 ","aumento",1646524.22360248
"180","SANTA HELENITA","5608","2012 a 2020 ","aumento",1831204.30107527
"181","TABORA","5609","2012 a 2020 ","aumento",1896000
"182","LA GRANJA","5610","2012 a 2020 ","aumento",1781782.60869565
"183","AUTOPISTA MEDELLIN","5611","2012 a 2020 ","aumento",1466606.25
"184","PARIS GAITAN","5612","2012 a 2020 ","aumento",1612977.01149425
"185","LA SERENA","5613","2012 a 2020 ","aumento",1378447.08788136
"186","VILLA LUZ","5614","2012 a 2020 ","aumento",1858219.52857143
"187","LA SOLEDAD NORTE","5615","2012 a 2020 ","aumento",1835352.94117647
"188","OSPINA PEREZ","4406","2012 a 2020 ","aumento",1243896.90721649
"189","CATALINA","4545","2012 a 2020 ","aumento",1501612.1969697
"190","VILLA DEL RIO","4546","2012 a 2020 ","aumento",1335005.97530864
"191","TECHO","4548","2012 a 2020 ","aumento",1300000
"192","JOSE MARIA CARBONEL","4550","2012 a 2020 ","aumento",997333.026979167
"193","HIPOTECHO SUR","4551","2012 a 2020 ","aumento",1779705.33783784
"194","GUALOCHE","4552","2012 a 2020 ","aumento",1100426.47058824
"195","ANDALUCIA II","4553","2012 a 2020 ","aumento",1091146.93877551
"196","PATIO BONITO II","4555","2012 a 2020 ","aumento",1439171.875
"197","GRAN BRITALIA I","4556","2012 a 2020 ","aumento",1327454.47266072
"198","GRAN BRITALIA","4557","2012 a 2020 ","aumento",1310084.74576271
"199","CAMPO HERMOSO","4558","2012 a 2020 ","aumento",1279733.87892857
"200","EL CARMELO","4559","2012 a 2020 ","aumento",1430791.04477612
"201","JOSE ANTONIO GALAN","4569","2012 a 2020 ","aumento",1222533.33333333
"202","ANTONIA SANTOS","4570","2012 a 2020 ","aumento",1065063.82978723
"203","CASA BLANCA SUR","4576","2012 a 2020 ","aumento",1449888.88888889
"204","ESCOCIA","4579","2012 a 2020 ","aumento",1216860.6741573
"205","TIMIZA C","4581","2012 a 2020 ","aumento",1399818.18181818
"206","JIMENEZ DE QUESADA II SECTOR","4586","2012 a 2020 ","aumento",1087432.43243243
"207","LA LIBERTAD","4593","2012 a 2020 ","aumento",1239318.18181818
"208","SAN ANTONIO","4594","2012 a 2020 ","aumento",1192384.61538462
"209","CHICO SUR","4595","2012 a 2020 ","aumento",1182168.53932584
"210","SANTA TERESITA","7102","2012 a 2020 ","aumento",1713754.27777778
"211","LAS AMERICAS","7107","2012 a 2020 ","aumento",1596461.53846154
"212","CHAPINERO OCCIDENTAL","7203","2012 a 2020 ","aumento",1934550
"213","QUESADA","7204","2012 a 2020 ","aumento",1964761.9047619
"214","EL VERVENAL","8526","2012 a 2020 ","aumento",1419828.34042553
"215","PARIS","5619","2012 a 2020 ","aumento",1631854.83870968
"216","BOLIVIA","5622","2012 a 2020 ","aumento",1613324.20954545
"217","LOS ANGELES","5623","2012 a 2020 ","aumento",1533845.64473684
"218","LOS ALAMOS","5625","2012 a 2020 ","aumento",1679523.80952381
"219","LOS ALAMOS","5626","2012 a 2020 ","aumento",1516668.46987952
"220","EL CEDRO","5629","2012 a 2020 ","aumento",1512377.32727273
"221","BOCHICA","5632","2012 a 2020 ","aumento",1887360
"222","SANTA CECILIA","5638","2012 a 2020 ","aumento",1840000
"223","BOLIVIA ORIENTAL","5640","2012 a 2020 ","aumento",988657.96425
"224","ALAMOS","5643","2012 a 2020 ","aumento",2055290.45238095
"225","VILLAS DE GRANADA","5647","2012 a 2020 ","aumento",1724348.8372093
"226","VILLA AMALIA","5648","2012 a 2020 ","aumento",1561031.87951807
"227","SAN ANTONIO URBANO","5660","2012 a 2020 ","aumento",1607812.5
"228","QUIRIGUA I","5683","2012 a 2020 ","aumento",1399238.80597015
"229","FLORIDA","6101","2012 a 2020 ","aumento",1220867.42424242
"230","ESTACION CENTRAL","6204","2012 a 2020 ","aumento",1424294.11764706
"231","SALAZAR GOMEZ","6212","2012 a 2020 ","aumento",1601081.08108108
"232","PUENTE ARANDA","6215","2012 a 2020 ","aumento",1812729.93808511
"233","CIUDAD SALITRE SUR-ORIENTAL","6217","2012 a 2020 ","aumento",1769887.40625
"234","SANTA CECILIA","6301","2012 a 2020 ","aumento",1530641.89189189
"235","MODELIA","6311","2012 a 2020 ","aumento",1572201.60696078
"236","MODELIA OCCIDENTAL","6312","2012 a 2020 ","aumento",1553397.00671053
"237","SALITRE OCCIDENTAL","6313","2012 a 2020 ","aumento",1834034.80769231
"238","CIUDAD HAYUELOS","6320","2012 a 2020 ","aumento",647496.612567567
"239","VERSALLES FONTIBON","6401","2012 a 2020 ","aumento",1453658.82352941
"240","PUERTA DE TEJA","6404","2012 a 2020 ","aumento",890229.611351351
"241","FERROCAJA FONTIBON","6405","2012 a 2020 ","aumento",1215161.90336471
"242","GUADUAL FONTIBON","6407","2012 a 2020 ","aumento",1518033.02722222
"243","EL CARMEN FONTIBON","6408","2012 a 2020 ","aumento",1364909.16901235
"244","BELEN FONTIBON","6409","2012 a 2020 ","aumento",1228189.18918919
"245","SAN PABLO JERICO","6413","2012 a 2020 ","aumento",1118844.15584416
"246","BRISAS ALDEA FONTIBON","6414","2012 a 2020 ","aumento",1073761.72040816
"247","EL REFUGIO","6419","2012 a 2020 ","aumento",1367369.8630137
"248","LA GIRALDA","6420","2012 a 2020 ","aumento",1252805.55555556
"249","CASTILLA","6506","2012 a 2020 ","aumento",1731749.28395062
"250","VILLA ALSACIA II","6510","2012 a 2020 ","aumento",1987329.78723404
"251","MARIA PAZ","6517","2012 a 2020 ","aumento",1027061.72839506
"252","MORAVIA","6519","2012 a 2020 ","aumento",1011750
"253","KASANDRA","6532","2012 a 2020 ","aumento",1126476.19047619
"254","LA SOLEDAD","7101","2012 a 2020 ","aumento",1699183.83333333
"255","LAS DELICIAS","4544","2012 a 2020 ","aumento",1062900
"256","NORMANDIA","5507","2012 a 2020 ","aumento",1722457.62711864
"257","EL DANUBIO AZUL","4588","2012 a 2020 ","aumento",1192343.75
"258","PENSILVANIA","4201","2012 a 2020 ","aumento",1497300
"259","SAN FRANCISCO","4206","2012 a 2020 ","aumento",1712157.89473684
"260","SANTA MATILDE","4209","2012 a 2020 ","aumento",1794518.51851852
"261","JACQUELINE","4517","2012 a 2020 ","aumento",1088502.39375
"262","ESCOCIA","4519","2012 a 2020 ","aumento",1111108.24742268
"263","LA ESTACION BOSA","4521","2012 a 2020 ","aumento",1376897.95918367
"264","BOSA","4522","2012 a 2020 ","aumento",999116.007142857
"265","PORCIUNCULA","8306","2012 a 2020 ","aumento",3124387.255
"266","ESPARTILLAL","8312","2012 a 2020 ","aumento",3405142.85714286
"267","RINCON DEL CHICO","8411","2012 a 2020 ","aumento",3099500
"268","MANDALAY","4531","2012 a 2020 ","aumento",1173111.11111111
"269","TIMIZA B","4530","2012 a 2020 ","aumento",1355017.00735294
"270","SAN DIEGO-BOSA","4513","2012 a 2020 ","aumento",771360.78125
"271","PATIO BONITO","4554","2012 a 2020 ","aumento",1516385.41666667
"272","EL JARDIN","4561","2012 a 2020 ","aumento",993506.787234043
"273","PATIO BONITO III","4566","2012 a 2020 ","aumento",1262447.36842105
"274","JIMENEZ DE QUESADA","4523","2012 a 2020 ","aumento",1358965.51724138
"275","PALERMO","7205","2012 a 2020 ","aumento",1539553.98
"276","ALCAZARES","7302","2012 a 2020 ","aumento",1997599.875
"277","COLOMBIA","7303","2012 a 2020 ","aumento",2083067.56756757
"278","MUEQUETA","7307","2012 a 2020 ","aumento",1792500
"279","SAN FELIPE","7403","2012 a 2020 ","aumento",1979975
"280","LA LAGUNA FONTIBON","6415","2012 a 2020 ","aumento",1581666.66666667
"281","SAN MIGUEL","5103","2012 a 2020 ","aumento",1613928.57142857
"282","INTERINDUSTRIAL","6527","2012 a 2020 ","aumento",570611.2
"283","GARCES NAVAS","5627","2012 a 2020 ","aumento",1645197.41014799
"284","BARCELONA","4303","2012 a 2020 ","aumento",1709560
"285","COLON","4308","2012 a 2020 ","aumento",1747790.61538462
"286","PROVIVIENDA NORTE","4310","2012 a 2020 ","aumento",1837720.47058824
"287","REMANSO","4402","2012 a 2020 ","aumento",1512369.71865672
"288","ALQUERIA","4409","2012 a 2020 ","aumento",1950360
"289","LOS LAURELES","4575","2012 a 2020 ","aumento",1058151.72
"290","VERGEL OCCIDENTAL","6514","2012 a 2020 ","aumento",1906812.56024096
"291","VALLADOLID","6515","2012 a 2020 ","aumento",1718149.19402985
"292","VILLA GLADYS","5637","2012 a 2020 ","aumento",1138857.14285714
"293","TINTALA","6516","2012 a 2020 ","aumento",782660.961538462
"294","TEUSAQUILLO","7104","2012 a 2020 ","aumento",1754500
"295","ARMENIA","7105","2012 a 2020 ","aumento",1636476.19047619
"296","SAN LUIS","7202","2012 a 2020 ","aumento",1705761.19402985
"297","EL LAUREL","5510","2012 a 2020 ","aumento",1797080
"298","LA GAITANA ORIENTAL","9262","2012 a 2020 ","aumento",1543621.62162162
"299","LAS ORQUIDEAS","8516","2012 a 2020 ","aumento",2112743.58974359
"300","ESTRELLA DEL NORTE","8519","2012 a 2020 ","aumento",1347745.35214286
"301","SAN JOSE DE USAQUEN","8529","2012 a 2020 ","aumento",2168947.33333333
"302","RINCON ALTAMAR","9266","2012 a 2020 ","aumento",1105524.24489796
"303","MURILLO TORO","2310","2012 a 2020 ","aumento",1131967.74193548
"304","ISLA DEL SOL","2411","2012 a 2020 ","aumento",1190300.65309859
"305","GRAN GRANADA","5654","2012 a 2020 ","aumento",1288235.29411765
"306","SABANA DEL DORADO","5657","2012 a 2020 ","aumento",1108803.19148936
"307","LUIS CARLOS GALAN","5661","2012 a 2020 ","aumento",848054.361764706
"308","CIUDADELA EL RECREO","4573","2012 a 2020 ","aumento",1139373.78723404
"309","BOSA NOVA EL PORVENIR","4580","2012 a 2020 ","aumento",1223059.3220339
"310","ALQUERIA LA FRAGUA II","4596","2012 a 2020 ","aumento",1372916.66666667
"311","VILLA ANNY I","4598","2012 a 2020 ","aumento",956737.9
"312","PAULO VI","5113","2012 a 2020 ","aumento",1905000
"313","SIMON BOLIVAR","5205","2012 a 2020 ","aumento",1789157.89473684
"314","LA PATRIA","5305","2012 a 2020 ","aumento",1461095.65714286
"315","RIONEGRO","5308","2012 a 2020 ","aumento",2001175.60344828
"316","LAS MERCEDES I","9243","2012 a 2020 ","aumento",899748.36675
"317","VILLA HERMOSA","9244","2012 a 2020 ","aumento",1135173.12475806
"318","PINOS DE LOMBARDIA","9245","2012 a 2020 ","aumento",1596765.618
"319","SAN PEDRO","9253","2012 a 2020 ","aumento",1109816.90322581
"320","TUNDAMA","4515","2012 a 2020 ","aumento",1443146.66666667
"321","SAN ANTONIO","2102","2012 a 2020 ","aumento",1434228.54946667
"322","LA FRAGUA","2107","2012 a 2020 ","aumento",1458530.81557377
"323","LIBERTADOR","2305","2012 a 2020 ","aumento",1149980.06818182
"324","BRAVO PAEZ","2306","2012 a 2020 ","aumento",1016173.07692308
"325","CLARET","2308","2012 a 2020 ","aumento",1149444.44444444
"326","QUIRIGUA II","5684","2012 a 2020 ","aumento",1248449.43820225
"327","SANTA FE","6103","2012 a 2020 ","aumento",1279471.42857143
"328","LA FAVORITA","6104","2012 a 2020 ","aumento",1538611.11111111
"329","PALOQUEMAO","6107","2012 a 2020 ","aumento",2082043.47826087
"330","EL RECUERDO","6201","2012 a 2020 ","aumento",2105306.12244898
"331","GRAN AMERICA","6202","2012 a 2020 ","aumento",2091176.47058824
"332","SANTA BIBIANA","8412","2012 a 2020 ","aumento",2185564.98316498
"333","GRANADA NORTE","9101","2012 a 2020 ","aumento",1559298.37931034
"334","CIUDAD JARDIN NORTE","9108","2012 a 2020 ","aumento",1909581.08108108
"335","MONACO","9111","2012 a 2020 ","aumento",1197446.42857143
"336","GILMAR","9114","2012 a 2020 ","aumento",1365921.05263158
"337","SEVILLA","1201","2012 a 2020 ","aumento",1611666.66666667
"338","CIUDAD BERNA","1202","2012 a 2020 ","aumento",1268000
"339","CIUDAD JARDIN SUR","1204","2012 a 2020 ","aumento",1219893.18419753
"340","CIUDAD DE CALI","4607","2012 a 2020 ","aumento",1441104.16666667
"341","SAN CARLOS","2501","2012 a 2020 ","aumento",821658.536585366
"342","FRANCO","6308","2012 a 2020 ","aumento",1115714.28571429
"343","VOTO NACIONAL","4103","2012 a 2020 ","aumento",1766857.14285714
"344","EL VERGEL","4106","2012 a 2020 ","aumento",1357958.33333333
"345","VERAGUAS","4109","2012 a 2020 ","aumento",1460348.8372093
"346","LA PEPITA","4110","2012 a 2020 ","aumento",3298111.11111111
"347","LOS ALMENDROS","4609","2012 a 2020 ","aumento",894403.954666667
"348","OSORIO X URBANO","4616","2012 a 2020 ","aumento",1087258.04347826
"349","TINTALITO","4617","2012 a 2020 ","aumento",1302296.16724739
"350","DINTALITO","4618","2012 a 2020 ","aumento",1364925.92592593
"351","VILLA NELLY III SECTOR","4578","2012 a 2020 ","aumento",1269084.7
"352","BATAN","9118","2012 a 2020 ","aumento",1170006.61111111
"353","BOSQUES DE SAN JORGE","9241","2012 a 2020 ","aumento",1489333.33333333
"354","VILLA CARMENZA","6417","2012 a 2020 ","aumento",1348275.86206897
"355","PUENTE GRANDE","6418","2012 a 2020 ","aumento",1323730.76923077
"356","CANODROMO","9130","2012 a 2020 ","aumento",1868612.83636364
"357","SAN JOSE DE BAVARIA","9113","2012 a 2020 ","aumento",589809.523809524
"358","AURES","9205","2012 a 2020 ","aumento",1636771.92982456
"359","AURES II","9206","2012 a 2020 ","aumento",1547500
"360","VILLA MARIA I","9267","2012 a 2020 ","aumento",2078897.95918367
"361","MARSELLA","6502","2012 a 2020 ","aumento",1528156.62650602
"362","VISION DE ORIENTE","6503","2012 a 2020 ","aumento",1579693.23611111
"363","LAS DOS AVENIDAS","6508","2012 a 2020 ","aumento",1490021.73913043
"364","TUNJUELITO","2508","2012 a 2020 ","aumento",840465.524193548
"365","CANAVERALEJO","4634","2012 a 2020 ","aumento",1086663.1025641
"366","LAS MARGARITAS","4637","2012 a 2020 ","aumento",1033337.07865169
"367","CIUDADELA EL RECREO II","4638","2012 a 2020 ","aumento",881484.496626181
"368","PRIMAVERA","5617","2012 a 2020 ","aumento",1497437.5
"369","FLORENCIA","5620","2012 a 2020 ","aumento",1727200
"370","CIUDAD BACHUE","5630","2012 a 2020 ","aumento",1761774.19354839
"371","LA CABANA FONTIBON","6402","2012 a 2020 ","aumento",1264414.75409836
"372","VILLEMAR","6406","2012 a 2020 ","aumento",1186868.42105263
"373","EL CORZO I","4643","2012 a 2020 ","aumento",1073818.6
"374","NICOLAS DE FEDERMAN","5106","2012 a 2020 ","aumento",2187017.54385965
"375","LA GAITANA","9216","2012 a 2020 ","aumento",1705083.33333333
"376","RINCON DE SANTA INES","9217","2012 a 2020 ","aumento",1542181.81818182
"377","NUEVA TIBABUYES","9224","2012 a 2020 ","aumento",658725.456140351
"378","SALITRE SUBA","9226","2012 a 2020 ","aumento",1123687.1052381
"379","TOSCANA","9229","2012 a 2020 ","aumento",1515902.77777778
"380","SAMORE","2406","2012 a 2020 ","aumento",1362468.75
"381","VILLAS DE GRANADA I","5649","2012 a 2020 ","aumento",1716023.87464986
"382","LA ESMERALDA","5111","2012 a 2020 ","aumento",1933574.46808511
"383","EL CHIRCAL SUR","2435","2012 a 2020 ","aumento",1617196.01369863
"384","LAS FERIAS OCCIDENTAL","5405","2012 a 2020 ","aumento",1833148.14814815
"385","GALAN RURAL","205221","2012 a 2020 ","aumento",28209.4508301405
"386","PASQUILLA","204104","2012 a 2020 ","se mantuvo",0
"387","CAMPO VERDE","205322","2012 a 2020 ","se mantuvo",0
"388","RINCON DE SUBA","9237","2012 a 2020 ","aumento",1014675.81818182
"389","VILLA ELISA","9207","2012 a 2020 ","aumento",1231453.48837209
"390","CAMPANELLA","9219","2012 a 2020 ","aumento",1372363.63636364
"391","CHUCUA DE LA VACA III","4619","2012 a 2020 ","aumento",836640.6875
"392","TIMIZA A","4518","2012 a 2020 ","aumento",1512462.89795918
"393","CIUDAD KENNEDY OCCIDENTAL","4508","2012 a 2020 ","aumento",1470172.4137931
"394","SANTANDER SUR","2302","2012 a 2020 ","aumento",1328203.88235294
"395","EDUARDO FREY","2301","2012 a 2020 ","aumento",1195618.15277778
"396","NUEVA YORK","4549","2012 a 2020 ","aumento",1547160
"397","LOS ANDES","5307","2012 a 2020 ","aumento",1589509.67011278
"398","MIRANDELA","9133","2012 a 2020 ","aumento",1389107.14285714
"399","SAN BERNARDINO II","4635","2012 a 2020 ","aumento",1076069.56521739
"400","CIUDAD BACHUE I ETAPA","5631","2012 a 2020 ","aumento",2024169.01408451
"401","EL CORTIJO","5634","2012 a 2020 ","aumento",1507369.27315789
"402","EL MADRIGAL","5635","2012 a 2020 ","aumento",1559773.58490566
"403","BOCHICA II","5644","2012 a 2020 ","aumento",1571658.19052632
"404","LAS FERIAS","5404","2012 a 2020 ","aumento",1878421.21212121
"405","LA FRAGUITA","2101","2012 a 2020 ","aumento",1404838.70967742
"406","LA TRINIDAD","4306","2012 a 2020 ","aumento",2221241.375
"407","LAGO DE SUBA","9220","2012 a 2020 ","aumento",1487148.82089552
"408","OLAYA","2201","2012 a 2020 ","aumento",1445858.37142857
"409","CEMENTERIO JARDINES APOGEO","4529","2012 a 2020 ","aumento",850951.942460317
"410","AUTOPISTA MUZU ORIENTAL","4413","2012 a 2020 ","aumento",1244703.12044118
"411","POLICARPA","1211","2012 a 2020 ","aumento",2033480
"412","VILLA SAGRARIO","5658","2012 a 2020 ","aumento",1562156.75
"413","MARANDU","5665","2012 a 2020 ","aumento",1443135.45121951
"414","CORREDOR FERREO DEL SUR","4572","2012 a 2020 ","aumento",1480666.66666667
"415","ANDES NORTE","9127","2012 a 2020 ","aumento",1671751.63398693
"416","VILLA DEL PRADO","9129","2012 a 2020 ","aumento",1197557.89473684
"417","SAN JOAQUIN","5509","2012 a 2020 ","aumento",1845775
"418","SANTA MARIA","5602","2012 a 2020 ","aumento",1812871.70588235
"419","SAN IGNACIO","5607","2012 a 2020 ","aumento",1716901.63934426
"420","LA CAROLINA DE SUBA","9236","2012 a 2020 ","aumento",1043826.7625
"421","POTRERILLO","9240","2012 a 2020 ","aumento",1611962.96296296
"422","SAN CARLOS DE SUBA","9251","2012 a 2020 ","aumento",1076939.39393939
"423","SANTA CATALINA","4584","2012 a 2020 ","aumento",1537962.52419355
"424","CHICALA","4605","2012 a 2020 ","aumento",943444.444444444
"425","TIBABUYES","9257","2012 a 2020 ","aumento",1317941.10100309
"426","SOSIEGO SUR","1404","2012 a 2020 ","aumento",1249613.20754717
"427","BANCO CENTRAL","7208","2012 a 2020 ","aumento",1670461.53846154
"428","LA PAZ","7310","2012 a 2020 ","aumento",2434743.58974359
"429","QUINTA CAMACHO","8201","2012 a 2020 ","aumento",1979242.42424242
"430","SAN ANTONIO NOROCCIDENTAL","8528","2012 a 2020 ","aumento",1425659.09302326
"431","SAN JOSE DEL PRADO","9106","2012 a 2020 ","aumento",2078436.30882353
"432","CHAPINERO CENTRAL","8213","2012 a 2020 ","aumento",2025501.47619048
"433","LAGO GAITAN","8313","2012 a 2020 ","aumento",3113870.96774194
"434","LA FLORIDA OCCIDENTAL","6203","2012 a 2020 ","aumento",1221818.18181818
"435","ORTEZAL","6208","2012 a 2020 ","aumento",1932999.37343358
"436","CUNDINAMARCA","6211","2012 a 2020 ","aumento",1291875
"437","CAPELLANIA","6302","2012 a 2020 ","aumento",1493802.63782051
"438","LA ESPERANZA NORTE","6303","2012 a 2020 ","aumento",2436250
"439","GRANJAS DE TECHO","6306","2012 a 2020 ","aumento",1083333.33333333
"440","RICAURTE","4101","2012 a 2020 ","aumento",2158372.4137931
"441","BERLIN","9259","2012 a 2020 ","aumento",1176999.56034483
"442","CEDRITOS","8512","2012 a 2020 ","aumento",1710632.98310345
"443","CENTRO FONTIBON","6410","2012 a 2020 ","aumento",1458400
"444","GORGONZOLA","4207","2012 a 2020 ","aumento",1565862.06896552
"445","CHARCO RURAL","105402","2012 a 2020 ","aumento",311879.56
"446","BAVARIA","6504","2012 a 2020 ","aumento",1732589.77
"447","SAN PEDRO DE LOS ROBLES","6523","2012 a 2020 ","aumento",1544583.33333333
"448","CIUDAD TECHO II","6531","2012 a 2020 ","aumento",1634345.4
"449","LA MAGDALENA","7103","2012 a 2020 ","aumento",1672133.33333333
"450","LOS EJIDOS","4208","2012 a 2020 ","aumento",1404157.95559667
"451","OSORIO III","6518","2012 a 2020 ","aumento",1056272.72727273
"452","FLORIDA BLANCA","5621","2012 a 2020 ","aumento",1704797.26162791
"453","LAS MARGARITAS","8530","2012 a 2020 ","aumento",1360416.66666667
"454","TOCAREMA","4565","2012 a 2020 ","aumento",1477156.8627451
"455","VILLAS DEL PROGRESO","4567","2012 a 2020 ","aumento",1170038.46153846
"456","PROVIVIENDA OCCIDENTAL","4613","2012 a 2020 ","aumento",1320934.21052632
"457","USATAMA","6110","2012 a 2020 ","aumento",1225000
"458","QUINTA PAREDES","6209","2012 a 2020 ","aumento",1928424.5014245
"459","LAS FLORES","9210","2012 a 2020 ","aumento",1436121.21212121
"460","TUNA ALTA","9214","2012 a 2020 ","aumento",720261.808367071
"461","BRASIL","4622","2012 a 2020 ","aumento",1243850
"462","SAN RAFAEL","4302","2012 a 2020 ","aumento",1799166.66666667
"463","LA PRADERA","4305","2012 a 2020 ","aumento",1969482.82758621
"464","TEJAR","4408","2012 a 2020 ","aumento",1221055.55555556
"465","LA ESPERANZA","7305","2012 a 2020 ","aumento",1897100
"466","SIETE DE AGOSTO","7311","2012 a 2020 ","aumento",2176263.15789474
"467","QUIROGA CENTRAL","2203","2012 a 2020 ","aumento",1536774.19354839
"468","JORGE URIBE BOTERO","4568","2012 a 2020 ","aumento",1288264.20731707
"469","CENTRO INDUSTRIAL","6218","2012 a 2020 ","aumento",1400000
"470","DOCE DE OCTUBRE","5202","2012 a 2020 ","aumento",1954561.64965986
"471","RENANIA URAPANES","4582","2012 a 2020 ","aumento",1665022.47368421
"472","SENA","2106","2012 a 2020 ","aumento",712511.2075
"473","LA CHUCUA","9221","2012 a 2020 ","aumento",1415614.03508772
"474","NIZA NORTE","9123","2012 a 2020 ","aumento",1498700
"475","METROPOLIS","5207","2012 a 2020 ","aumento",1552857.14285714
"476","BILBAO","9252","2012 a 2020 ","aumento",1104186.04651163
"477","LAS ACACIAS RURAL","205225","2012 a 2020 ","se mantuvo",0
"478","EL PARAISO BOSA","4541","2012 a 2020 ","aumento",1415901.46464286
"479","ALQUERIA LA FRAGUA","4543","2012 a 2020 ","aumento",1235636.36363636
"480","PASO ANCHO","4528","2012 a 2020 ","aumento",945541.576923077
"481","CASABLANCA","4537","2012 a 2020 ","aumento",1378500
"482","EL ROSARIO","5104","2012 a 2020 ","aumento",1060300.94268398
"483","TAIRONA","4564","2012 a 2020 ","aumento",1325692.30769231
"484","ATAHUALPA","6416","2012 a 2020 ","aumento",883333.69
"485","ATENAS","9119","2012 a 2020 ","aumento",1324583.33333333
"486","COMUNEROS","4202","2012 a 2020 ","aumento",1467312.5
"487","LA ESTRADITA","5504","2012 a 2020 ","aumento",1847961.53846154
"488","GUSTAVO RESTREPO","1402","2012 a 2020 ","aumento",1186405.56329412
"489","EL PLAN","9128","2012 a 2020 ","aumento",1530260.86956522
"490","LA CABRERA","8309","2012 a 2020 ","aumento",4694065.52
"491","SANTA ANA OCCIDENTAL","8414","2012 a 2020 ","aumento",2723850.21052632
"492","EL PARAISO","4603","2012 a 2020 ","aumento",1354807.14285714
"493","EL VERGEL ORIENTAL","6529","2012 a 2020 ","aumento",582912.198412698
"494","GARCES NAVAS SUR","5655","2012 a 2020 ","aumento",1763178.57142857
"495","SAN ANTONIO ENGATIVA","5679","2012 a 2020 ","aumento",1445863.21518987
"496","PRADO VERANIEGO","9107","2012 a 2020 ","aumento",2257835.82089552
"497","SAN VICTORINO","6105","2012 a 2020 ","aumento",1967692.30769231
"498","LA PAZ BOSA","4520","2012 a 2020 ","aumento",810822.275862069
"499","EL REMANSO I","4625","2012 a 2020 ","aumento",896711.155844156
"500","BETANIA","4628","2012 a 2020 ","aumento",1349411.76470588
"501","LA CABANA","4632","2012 a 2020 ","aumento",1054990.80555556
"502","ALCAZARES NORTE","7404","2012 a 2020 ","aumento",1972857.14285714
"503","ONCE DE NOVIEMBRE","7405","2012 a 2020 ","aumento",1864545.45454545
"504","SAN DIEGO","8107","2012 a 2020 ","aumento",1667259.94444444
"505","SUCRE","8112","2012 a 2020 ","aumento",1977531.67307692
"506","INDUSTRIAL CENTENARIO","6205","2012 a 2020 ","aumento",1470625
"507","EL EJIDO","6206","2012 a 2020 ","aumento",1566666.66666667
"508","MONTEVIDEO","6307","2012 a 2020 ","aumento",890571.428571429
"509","CHICO NORTE II SECTOR","8301","2012 a 2020 ","aumento",3973601.69491525
"510","RAFAEL NUNEZ","5117","2012 a 2020 ","aumento",1560000
"511","QUIRIGUA ORIENTAL","5639","2012 a 2020 ","aumento",1437709.67741935
"512","VILLAS DE ALCALA","5668","2012 a 2020 ","aumento",1197137.84
"513","VEREDA EL TINTAL URBANO","205101","2012 a 2020 ","se mantuvo",0
"514","CANAVERALEJO RURAL","205308","2012 a 2020 ","se mantuvo",0
"515","EL MUELLE","5652","2012 a 2020 ","aumento",1317267.44186047
"516","SANTA ISABEL SUR","4107","2012 a 2020 ","aumento",1686271.18644068
"517","LA FAENA","5666","2012 a 2020 ","aumento",1617801.39622642
"518","EL LISTON","6106","2012 a 2020 ","aumento",1554350
"519","NAZARETH URBANO","203106","2012 a 2020 ","se mantuvo",0
"520","PABLO VI NORTE","5116","2012 a 2020 ","aumento",2370166.66666667
"521","SAN GABRIEL","4307","2012 a 2020 ","aumento",1843544.54545455
"522","ANTIGUO COUNTRY","8314","2012 a 2020 ","aumento",3142957.51612903
"523","EL PINO","9213","2012 a 2020 ","aumento",1674540.54054054
"524","SAN PATRICIO","8418","2012 a 2020 ","aumento",2814661.46610169
"525","ESCUELA GENERAL SANTANDER","2405","2012 a 2020 ","aumento",780000
"526","EL CARMEN","2407","2012 a 2020 ","aumento",1390638.29787234
"527","MUZU","2413","2012 a 2020 ","aumento",1057567.12318841
"528","LA LIBERIA","8517","2012 a 2020 ","aumento",1812141.12625
"529","COOPERATIVA DE SUB-OFICIALES","6501","2012 a 2020 ","aumento",1174392.85714286
"530","SABANA GRANDE","6521","2012 a 2020 ","aumento",807820.650623886
"531","IBERIA","9115","2012 a 2020 ","aumento",1546655.17241379
"532","EL CEREZO","8527","2012 a 2020 ","aumento",1346737.57692308
"533","EL TINTAL CENTRAL","6423","2012 a 2020 ","aumento",1165118.17240741
"534","PALO BLANCO","5501","2012 a 2020 ","aumento",1894454.54545455
"535","SANTIAGO PEREZ","2304","2012 a 2020 ","aumento",1106562.5
"536","AEROPUERTO EL DORADO","5624","2012 a 2020 ","aumento",1034750
"537","LA INDEPENDENCIA","4641","2012 a 2020 ","aumento",919798.387096774
"538","CIUDAD BACHUE II","5682","2012 a 2020 ","aumento",1950322.58064516
"539","BELALCAZAR","7206","2012 a 2020 ","aumento",1662094.46428571
"540","LA MERCED NORTE","7301","2012 a 2020 ","aumento",1727961.53846154
"541","SANTA HELENA","9131","2012 a 2020 ","aumento",1591375
"542","LISBOA","8513","2012 a 2020 ","aumento",1388282.91977273
"543","EL PORTAL DEL BRASIL","4591","2012 a 2020 ","aumento",1154500
"544","SAN BERNARDINO XVIII","105318","2012 a 2020 ","aumento",540000
"545","PIO XII","6505","2012 a 2020 ","aumento",1541666.66666667
"546","RAFAEL URIBE","7312","2012 a 2020 ","aumento",2146153.84615385
"547","ACACIAS USAQUEN","8510","2012 a 2020 ","aumento",2170057.67285714
"548","BOSQUE DE MODELIA","6316","2012 a 2020 ","aumento",1429516.4815
"549","ZONA FRANCA","6520","2012 a 2020 ","aumento",690250
"550","CAMPIN","7201","2012 a 2020 ","aumento",1515700
"551","SANTANDER","2105","2012 a 2020 ","aumento",1465000
"552","CHARCO URBANO","6411","2012 a 2020 ","aumento",1121428.57142857
"553","LA CAROLINA","8403","2012 a 2020 ","aumento",2851952.26086956
"554","CARACAS","1203","2012 a 2020 ","aumento",1146381.10863636
"555","ATLANTA","2422","2012 a 2020 ","aumento",961982.8
"556","EL JAZMIN","205209","2012 a 2020 ","se mantuvo",0
"557","PASADENA","9125","2012 a 2020 ","aumento",1408040
"558","LLANO GRANDE","4562","2012 a 2020 ","aumento",1079142.85714286
"559","CANTAGALLO","9103","2012 a 2020 ","aumento",1574562.5
"560","LA PAMPA","6511","2012 a 2020 ","aumento",2117444.44444444
"561","LA UNION URBANO","209106","2012 a 2020 ","se mantuvo",0
"562","SANTA MONICA","5641","2012 a 2020 ","aumento",1136794.57142857
"563","ESCUELA MILITAR","5310","2012 a 2020 ","aumento",2090858.34821429
"564","TERMINAL DE TRANSPORTES","6319","2012 a 2020 ","aumento",1383980.66666667
"565","MARLY","8212","2012 a 2020 ","aumento",2114800
"566","SAMPER MENDOZA","6108","2012 a 2020 ","aumento",1898869.56521739
"567","LA CAMELIA II","4317","2012 a 2020 ","aumento",1633200
"568","VILLA DEL MAR","5680","2012 a 2020 ","aumento",1268814.44209703
"569","LISBOA","9254","2012 a 2020 ","aumento",1001185.67
"570","CENTRO ENGATIVA II","5667","2012 a 2020 ","aumento",1674614.86363636
"571","QUINTA MUTIS","7308","2012 a 2020 ","aumento",1861333.33333333
"572","TORCA I","8539","2012 a 2020 ","aumento",45337.5
"573","EL RUBI","4536","2012 a 2020 ","aumento",1476828.38181818
"574","EL RETIRO","8310","2012 a 2020 ","aumento",4807863.63636364
"575","LA MAGDALENA I","205109","2012 a 2020 ","disminuyo",-6e+05
"576","LA MAGDALENA","6524","2012 a 2020 ","aumento",80168.6111111111
"577","SAN BERNARDINO XXV URBANO","4590","2012 a 2020 ","aumento",43576.6666666667
"578","SAN PEDRO","4589","2012 a 2020 ","aumento",1137012.91666667
"579","SAN BERNARDINO XXII URBANO","4577","2012 a 2020 ","aumento",98083.75
"580","EL CHARCO","205402","2012 a 2020 ","aumento",366666.666666667
"581","ESTRELLA","7106","2012 a 2020 ","aumento",1355375
"582","SAN BENITO","2509","2012 a 2020 ","aumento",763636.774025974
"583","EL VERGEL","6528","2012 a 2020 ","aumento",1058882.54
"584","EL TINTAL III","6533","2012 a 2020 ","aumento",497500
"585","ESCUELA DE INFANTERIA","8410","2012 a 2020 ","aumento",6350769.23076923
"586","CENTRO ADMINISTRATIVO OCC.","5109","2012 a 2020 ","aumento",3145083.33333333
"587","EL CHANCO I","6525","2012 a 2020 ","aumento",790000
"588","SAN MARTIN","4592","2012 a 2020 ","aumento",1539117.64705882
"589","CASABLANCA SUBA URBANO II","9139","2012 a 2020 ","aumento",71100
"590","LA ESPERANZA SUR","6315","2012 a 2020 ","aumento",1554772.72727273
"591","SUBA URBANO","9212","2012 a 2020 ","aumento",981111.111111111
"592","EL CHANCO RURAL III","105403","2012 a 2020 ","aumento",441050.333333333
"593","EL ENSUENO","2416","2012 a 2020 ","aumento",979000
"594","VILLA ALSACIA","6512","2012 a 2020 ","aumento",1222660.5625
"595","VEREDA EL TINTAL","205102","2012 a 2020 ","aumento",26081.2
"596","EL CORZO RURAL","105314","2012 a 2020 ","aumento",42866.6666666667
"597","LA HORTUA","1208","2012 a 2020 ","aumento",1776250
"598","SAUCEDAL","4560","2012 a 2020 ","aumento",1122222.22222222
"599","EL DORADO","5664","2012 a 2020 ","aumento",433096.574285714
"600","BARRANCAS NORTE","8506","2012 a 2020 ","aumento",1465567.09574468
"601","SAN JOSE V SECTOR","9134","2012 a 2020 ","aumento",822000
"602","CANAIMA","8544","2012 a 2020 ","aumento",1488571.42857143
"603","MAZUREN","9110","2012 a 2020 ","aumento",1954545.45454545
"604","SAN JUAN","109104","2012 a 2020 ","se mantuvo",0
"605","PARQUE POPULAR SALITRE","5115","2012 a 2020 ","aumento",788884.17
"606","GUADALUPE","4563","2012 a 2020 ","aumento",212676.347083333
"607","CORABASTOS","4547","2012 a 2020 ","aumento",720000
"608","EL CHANCO II","205401","2012 a 2020 ","aumento",334791.666666667
"609","LA VEGA SAN BERNARDINO","4624","2012 a 2020 ","aumento",380000
"610","LA ESPERANZA","208107","2012 a 2020 ","se mantuvo",0
"611","PARAMO RURAL V","208127","2012 a 2020 ","se mantuvo",0
"612","SAN RAFAEL INDUSTRIAL","4301","2012 a 2020 ","aumento",1420000
"613","JARDIN BOTANICO","5506","2012 a 2020 ","aumento",1908750
"614","EL CHANCO RURAL II","105401","2012 a 2019 ","disminuyo",-72000
"615","LAS NAVETAS","5672","2012 a 2020 ","aumento",236000
"616","CAMPO EUCARISTICO","5114","2012 a 2020 ","aumento",71220
"617","TIBABITA RURAL","108102","2012 a 2020 ","aumento",164180.5
"618","CASABLANCA SUBA URBANO I","9138","2012 a 2020 ","aumento",182000
"619","CENTRO NARINO","6210","2012 a 2020 ","aumento",1776000
"620","EL TINTAL","105104","2012 a 2020 ","aumento",773402.666666667
"621","CEDRO NARVAEZ","8511","2012 a 2020 ","aumento",1247916.66666667
"622","OSORIO XXIII","105223","2012 a 2020 ","aumento",275850.75
"623","VILLA EMMA","205316","2012 a 2020 ","se mantuvo",0
"624","SAN BERNARDINO XXV","105325","2012 a 2020 ","se mantuvo",0
"625","OSORIO II","105203","2012 a 2020 ","disminuyo",-6e+05
"626","BATALLON CALDAS","6207","2012 a 2020 ","aumento",1215000
"627","SAGRADO CORAZON","8101","2012 a 2020 ","aumento",2604214.5
"628","PUEBLO VIEJO","5673","2012 a 2020 ","aumento",486000
"629","LAS MERCEDES SUBA","9239","2012 a 2020 ","aumento",589200
"630","RAFAEL ESCAMILLA","2421","2012 a 2020 ","aumento",1800000
"631","CHARLES DE GAULLE","4574","2012 a 2020 ","aumento",891000
"632","SAN ISIDRO RURAL II","208126","2012 a 2020 ","se mantuvo",0
"633","HOSPITAL SAN CARLOS","1403","2012 a 2020 ","aumento",940734.128571429
"634","LAS MERCEDES SUBA RURAL","107107","2012 a 2020 ","aumento",1006666.66666667
"635","EL TINTAL IV","6534","2012 a 2020 ","aumento",90000
"636","COLSEGUROS","6109","2012 a 2020 ","aumento",1400000
"637","TUNA RURAL","107106","2012 a 2020 ","aumento",765425.994
"638","BOLONIA I","2626","2012 a 2020 ","aumento",404501.321428571
"639","NUEVA ESPERANZA","204106","2012 a 2018 ","se mantuvo",0
"640","LA MARIA","1109","2012 a 2020 ","aumento",831043.47826087
"641","LAS GUACAMAYAS I","1355","2012 a 2020 ","aumento",755569.051485148
"642","LA GLORIA OCCIDENTAL","1311","2012 a 2020 ","aumento",529122.916666667
"643","LOS ALPES","1312","2012 a 2020 ","aumento",455291.397727273
"644","SAN PEDRO SUR","1337","2012 a 2020 ","aumento",98680.6666666667
"645","ALTOS DEL ZUQUE","1331","2012 a 2020 ","aumento",152237.5
"646","ARBOLEDA SUR","1423","2012 a 2020 ","aumento",797448.830007003
"647","BOSQUE DE PINOS III RURAL","108113","2012 a 2020 ","aumento",1581898.52083333
"648","QUINDIO","1318","2012 a 2020 ","aumento",61338.7096774193
"649","VILLABEL","1332","2012 a 2020 ","aumento",232820.857916667
"650","JUAN JOSE RONDON I","1336","2012 a 2020 ","aumento",166354.095238095
"651","ESPINO I","2449","2012 a 2020 ","aumento",104651.515151515
"652","QUIBA I","2456","2012 a 2020 ","aumento",423660.671650055
"653","LOS TRES REYES I","2441","2012 a 2020 ","aumento",265640.0454
"654","DIANA TURBAY ARRAYANES","1422","2012 a 2020 ","aumento",1004433.06493506
"655","SAN LUIS","1426","2012 a 2020 ","aumento",871066.827697262
"656","LA PAZ","2566","2012 a 2020 ","aumento",353000.332771739
"657","GIBRALTAR SUR","2554","2012 a 2020 ","aumento",595647.727272727
"658","CORDILLERA DEL SUR","2561","2012 a 2020 ","aumento",164169.642857143
"659","ARABIA","2578","2012 a 2020 ","aumento",304025
"660","ARRAYANES V","2625","2012 a 2020 ","aumento",161090.817777778
"661","LA CONCORDIA","3104","2012 a 2020 ","aumento",1018781.25
"662","SANTA ANA","8408","2012 a 2020 ","aumento",1498976.85714286
"663","LOS TRES REYES","2446","2012 a 2020 ","aumento",396401.6197
"664","SAN GABRIEL NORTE","8406","2012 a 2020 ","aumento",1318529.36486486
"665","SAN RAFAEL USME","1322","2012 a 2020 ","aumento",144202.5
"666","LA RIVIERA","5670","2012 a 2020 ","aumento",1286300.4296875
"667","LA ESPERANZA SUR","2607","2012 a 2020 ","aumento",282674.624389535
"668","SANTA TERESA DE SUBA","9238","2012 a 2020 ","aumento",185601.888888889
"669","VILLA DEL CERRO","1356","2012 a 2020 ","aumento",213190
"670","CERROS DE ORIENTE","1428","2012 a 2020 ","aumento",699547.858823529
"671","LA GRANJA NORTE","8524","2012 a 2020 ","aumento",773744.647058823
"672","MOLINOS DE ORIENTE","1104","2012 a 2020 ","aumento",192136.227272727
"673","TIHUAQUE","1340","2012 a 2020 ","aumento",172271.896551724
"674","SANTA CECILIA PUENTE NORTE","8543","2012 a 2020 ","aumento",554610.901567944
"675","QUIBA","2530","2012 a 2020 ","aumento",412266.484517304
"676","ESPINO","2423","2012 a 2020 ","aumento",221071.251125
"677","POTOSI","2431","2012 a 2020 ","aumento",431088.804347826
"678","PARQUE NACIONAL","8102","2012 a 2020 ","aumento",373053.666666667
"679","MORALBA","1316","2012 a 2020 ","aumento",234483.870967742
"680","BOSQUE DE PINOS","8520","2012 a 2020 ","aumento",659912.638822115
"681","ARRAYANES VI","2637","2012 a 2020 ","disminuyo",-11420
"682","SAN ANTONIO DEL MIRADOR","2451","2012 a 2020 ","aumento",3997.32527777778
"683","EL MOCHUELO","2584","2012 a 2020 ","aumento",370511.25
"684","RAMIREZ","3210","2012 a 2020 ","aumento",501486.486486487
"685","CANADA O GUIRA","1330","2012 a 2020 ","aumento",494936.592857143
"686","LAS AGUAS","3103","2012 a 2020 ","aumento",810933.132850241
"687","SAN ISIDRO RURAL","208108","2012 a 2020 ","se mantuvo",0
"688","TIBAQUE I","201306","2012 a 2020 ","se mantuvo",0
"689","EL ROCIO","3208","2012 a 2020 ","aumento",289834.885529412
"690","EL PEDREGAL II","2640","2012 a 2020 ","aumento",189154.725
"691","JUAN PABLO II","2552","2012 a 2020 ","aumento",388631.578947368
"692","PARQUE NACIONAL ORIENTAL","101405","2012 a 2020 ","aumento",142681.981269841
"693","LA ESTRELLITA I","8540","2012 a 2020 ","aumento",563609.756097561
"694","BELLO HORIZONTE","1304","2012 a 2020 ","aumento",958489.361702128
"695","TIBABUYES OCCIDENTAL","9250","2012 a 2020 ","aumento",1180488.38042169
"696","ALTOS DEL ZIPA","1342","2012 a 2020 ","aumento",86375.2688172043
"697","LAS ACACIAS","8203","2012 a 2020 ","aumento",2339080.53846154
"698","MARIA CRISTINA","8205","2012 a 2020 ","aumento",1485129.6969697
"699","BOSQUE DE PINOS I","8536","2012 a 2020 ","aumento",1677332.61538462
"700","ARRAYANES I","2601","2012 a 2020 ","aumento",138986.52078125
"701","ISMAEL PERDOMO","2414","2012 a 2020 ","aumento",327094.348846154
"702","SANTO DOMINGO","2426","2012 a 2020 ","aumento",205759.786826923
"703","EL DORADO","3209","2012 a 2020 ","aumento",212473.176969697
"704","SAN FRANCISCO RURAL","3215","2012 a 2020 ","aumento",208784.715441176
"705","BELLAVISTA LUCERO ALTO","2560","2012 a 2020 ","aumento",430703.125
"706","BELLA FLOR","2580","2012 a 2020 ","aumento",282679.487179487
"707","MARIA CANO","2429","2012 a 2020 ","aumento",954972.006119403
"708","SAN RAFAEL","2539","2012 a 2020 ","aumento",435773.195876289
"709","SIERRA MORENA","2440","2012 a 2020 ","aumento",448570.9011994
"710","EL NUEVO PORTAL II RURAL","202506","2012 a 2020 ","se mantuvo",0
"711","EL MIRADOR DE LA ESTANCIA","2447","2012 a 2020 ","aumento",101283.224583333
"712","JUAN REY (LA PAZ)","1325","2012 a 2020 ","aumento",227383.470408163
"713","LA BELLEZA","1338","2012 a 2020 ","aumento",254200.133977733
"714","SAN BLAS II","1113","2012 a 2020 ","aumento",536210.604651163
"715","PARAISO QUIBA","2565","2012 a 2020 ","aumento",397597.701149425
"716","SAN VICENTE","1309","2012 a 2020 ","aumento",552031.25
"717","BELLAVISTA SUR","1313","2012 a 2020 ","aumento",347816.315789474
"718","LA FISCALA","2590","2012 a 2020 ","aumento",175876.252352941
"719","LAGUNITAS URBANO","2595","2012 a 2020 ","aumento",287063.093622795
"720","VILLA GLORIA","2549","2012 a 2020 ","aumento",449315.691336776
"721","SUMAPAZ","2553","2012 a 2020 ","aumento",493125
"722","SANTA CECILIA","9256","2012 a 2020 ","aumento",1155864.8519037
"723","ALTAMIRA","1315","2012 a 2020 ","aumento",290292.02247191
"724","LUCERO DEL SUR","2517","2012 a 2020 ","aumento",723252.631578947
"725","EL NUEVO PORTAL II","2620","2012 a 2020 ","aumento",376257.799354839
"726","LAS VIOLETAS","2633","2012 a 2020 ","aumento",94847.5
"727","SANTA RITA DE SUBA","9255","2012 a 2020 ","aumento",1246484.55813953
"728","SIBERIA II","201503","2012 a 2020 ","aumento",33312.5
"729","NACIONES UNIDAS","2546","2012 a 2020 ","aumento",330914.942528736
"730","YOMASA","1350","2012 a 2020 ","aumento",244571.428571429
"731","VILLA DIANA","1335","2012 a 2020 ","aumento",163804.212765957
"732","LOS SOCHES","1344","2012 a 2020 ","aumento",146895
"733","VELODROMO","1114","2012 a 2020 ","aumento",867312.090909091
"734","BARCELONA SUR","1424","2012 a 2020 ","aumento",866111.111111111
"735","BOLIVIA","5675","2012 a 2020 ","aumento",1488753.96551724
"736","ARBORIZADORA ALTA","2568","2012 a 2020 ","aumento",584743.149425287
"737","ATENAS","1305","2012 a 2020 ","aumento",775838.709677419
"738","SANTA INES SUR","1308","2012 a 2020 ","aumento",583185.067390454
"739","LOS ALPES SUR","2559","2012 a 2020 ","aumento",220595.833333333
"740","COLMENA I LOS PINARES","1363","2012 a 2020 ","aumento",437426.071428571
"741","BRISAS DEL VOLADOR","2587","2012 a 2020 ","aumento",262125
"742","BOLONIA","2605","2012 a 2020 ","aumento",254956.009361702
"743","LA SALLE","8206","2012 a 2020 ","aumento",1592000
"744","JUAN XXIII","8211","2012 a 2020 ","aumento",386173.684210526
"745","LAS GUACAMAYAS III","1354","2012 a 2020 ","aumento",789596.552799433
"746","INGEMAR I","201109","2012 a 2020 ","aumento",833632.666666667
"747","LAGUNITAS","204304","2012 a 2020 ","aumento",64444.4444444444
"748","CARACOLI","2445","2012 a 2020 ","aumento",358374.965398366
"749","EL MINUTO DE MARIA","2564","2012 a 2020 ","aumento",415629.198966408
"750","SOCIEGO","1205","2012 a 2020 ","aumento",1043320
"751","MONTEBELLO","1302","2012 a 2020 ","aumento",771520.586956522
"752","TIBAQUE SUR","102407","2012 a 2020 ","aumento",165189.615384615
"753","EL NEVADO","2631","2012 a 2020 ","aumento",314605.457826087
"754","SAN JUAN BAUTISTA","2555","2012 a 2020 ","aumento",627613.513513513
"755","NIZA SUBA","9112","2012 a 2020 ","aumento",915167.631168831
"756","LA HUERTA","2636","2012 a 2020 ","aumento",380000
"757","ESTRELLA DEL SUR","2540","2012 a 2020 ","aumento",390367.943820225
"758","EL REFUGIO I","2617","2012 a 2020 ","aumento",322267.139583333
"759","TIBAQUE","101306","2012 a 2020 ","disminuyo",-2464.22549019608
"760","NUEVA GLORIA","1320","2012 a 2020 ","aumento",346300
"761","LOS LIBERTADORES","1327","2012 a 2020 ","aumento",412099.848352564
"762","SANTA RITA SUR ORIENTAL","1328","2012 a 2020 ","aumento",531298.341692308
"763","MARCO FIDEL SUAREZ I","1415","2012 a 2020 ","aumento",1159785.85423198
"764","EL PLAYON","1420","2012 a 2020 ","aumento",768909.467562829
"765","GRANJAS DE SANTA SOFIA","1425","2012 a 2020 ","aumento",913761
"766","ARGELIA II","4583","2012 a 2020 ","aumento",797651.470588235
"767","OLARTE","102707","2012 a 2020 ","aumento",68428.5714285714
"768","ALTOS DEL POBLADO","1333","2012 a 2020 ","aumento",293625
"769","PARDO RUBIO","8208","2012 a 2020 ","aumento",2269201.4516129
"770","ENGATIVA EL DORADO","106301","2012 a 2020 ","aumento",1479000
"771","EL PARAISO","8110","2012 a 2020 ","aumento",320184.816951567
"772","PORTAL RURAL II","102506","2012 a 2020 ","aumento",75285.7142857143
"773","BARRANQUILLITA","2525","2012 a 2020 ","aumento",408176.199772727
"774","VILLA ISRAEL","2594","2012 a 2020 ","aumento",375664.516129032
"775","USMINIA","2538","2012 a 2020 ","aumento",334214.285714286
"776","SAN FELIPE DE USME","2621","2012 a 2020 ","aumento",258813.397260274
"777","EL PORTAL DEL DIVINO","2630","2012 a 2020 ","aumento",343570.794459459
"778","GIRARDOT","3211","2012 a 2020 ","aumento",358303.8115
"779","SIERRA MORENA","2438","2012 a 2020 ","aumento",571700.815789474
"780","EL MIRADOR","2570","2012 a 2020 ","aumento",426372.985294118
"781","QUINTA RAMOS","1206","2012 a 2020 ","aumento",974089.87625
"782","CEDRITOS DEL SUR","2574","2012 a 2020 ","aumento",456009.803921569
"783","SAN MARTIN SUR","1321","2012 a 2020 ","aumento",709258.151649624
"784","PERDOMO ALTO","2448","2012 a 2020 ","aumento",198559.263461538
"785","CIUDAD BOLIVAR","2453","2012 a 2020 ","aumento",11827.5
"786","CENTRO USME URBANO","2599","2012 a 2020 ","aumento",257761.304347826
"787","LA RESURRECCION","1413","2012 a 2020 ","aumento",760155.270655271
"788","LA CATEDRAL","3110","2012 a 2020 ","aumento",2311470.58823529
"789","BELLAVISTA","8305","2012 a 2020 ","aumento",2695564.76470588
"790","MEISSEN","2514","2012 a 2020 ","aumento",394482.644230769
"791","SOTAVENTO","2533","2012 a 2020 ","aumento",399996.255555556
"792","CASA DE TEJA","2534","2012 a 2020 ","aumento",376290.98245614
"793","DELMONTE","9246","2012 a 2020 ","aumento",1718769.415
"794","EL PENON DEL CORTIJO","2433","2012 a 2020 ","aumento",1069400.75486111
"795","LAS LOMAS","1409","2012 a 2020 ","aumento",824140
"796","EL MOCHUELO ORIENTAL","2522","2012 a 2020 ","aumento",264125
"797","LA GLORIA ORIENTAL","1319","2012 a 2020 ","aumento",307266.666666667
"798","GRANADA","8204","2012 a 2020 ","aumento",2186953.34782609
"799","EL NUEVO PORTAL","2616","2012 a 2020 ","aumento",477255.681818182
"800","CENTRO ADMINISTRATIVO","3106","2012 a 2020 ","aumento",1567470.58823529
"801","LA PENA","3206","2012 a 2020 ","aumento",280029.829166667
"802","LOS ARRAYANES II","1435","2012 a 2020 ","aumento",544540.611851852
"803","EL MOCHUELO II NORTE","204129","2012 a 2020 ","aumento",218000
"804","MOLINOS DEL SUR","1414","2012 a 2020 ","aumento",1112779.18987342
"805","BOSQUE IZQUIERDO","8106","2012 a 2020 ","aumento",396605.40625
"806","EL UVAL RURAL","102502","2012 a 2020 ","aumento",335452.955
"807","EL MOCHUELO III","104128","2012 a 2020 ","aumento",143383.333333333
"808","TIHUAQUE RURAL","101307","2012 a 2020 ","aumento",146311.2
"809","USAQUEN","8407","2012 a 2020 ","aumento",2476799.59615385
"810","EL BOSQUE CENTRAL I","2608","2012 a 2020 ","aumento",253847.046
"811","SANTA VIVIANA","2442","2012 a 2020 ","aumento",225025.0875
"812","TIBAQUE II","201309","2012 a 2020 ","se mantuvo",0
"813","SUBA CERROS","9231","2012 a 2020 ","aumento",678299.311188811
"814","EL GUAVIO","3205","2012 a 2020 ","aumento",372541.41673913
"815","ARBORIZADORA ALTA","2573","2012 a 2020 ","aumento",538526.722222222
"816","TOCAIMITA ORIENTAL I","2622","2012 a 2020 ","aumento",295978.221923077
"817","EGIPTO","3105","2012 a 2020 ","aumento",1132048.53333333
"818","BOSQUE DE LOS ALPES","1339","2012 a 2020 ","disminuyo",-37800
"819","INGEMAR ORIENTAL I","201110","2012 a 2020 ","aumento",219669.059782609
"820","DANUBIO II","2577","2012 a 2020 ","aumento",342812.842307692
"821","CATALUNA","8111","2012 a 2020 ","aumento",1811111.11111111
"822","MONTEBLANCO","2536","2012 a 2020 ","aumento",506193.495410212
"823","LA AURORA","2503","2012 a 2020 ","aumento",634721.484210526
"824","MONTE CARLO","1115","2012 a 2020 ","aumento",310060.09375
"825","EL REDIL","8532","2012 a 2020 ","aumento",947539.522916667
"826","LA PICOTA ORIENTAL","2510","2012 a 2020 ","aumento",416903.846153846
"827","LUCERO ALTO","2521","2012 a 2020 ","aumento",355727.777777778
"828","BELLA FLOR SUR","2582","2012 a 2020 ","aumento",236291.666666667
"829","GRANJAS SAN PABLO","1412","2012 a 2020 ","aumento",852089.303176941
"830","GINEBRA II","8425","2012 a 2020 ","aumento",1379927
"831","BELLAVISTA","2436","2012 a 2020 ","aumento",845135.716216216
"832","VILLA CANDELARIA","2579","2012 a 2020 ","aumento",775120.590909091
"833","GINEBRA","8405","2012 a 2020 ","aumento",1931842.5
"834","EL PEDREGAL","2563","2012 a 2020 ","aumento",55861.0316666667
"835","BOSQUE DE PINOS III","8538","2012 a 2020 ","aumento",1940830.375
"836","PARAMO","108104","2012 a 2020 ","disminuyo",-18416.6666666667
"837","CALLEJON SANTA BARBARA","1419","2012 a 2020 ","aumento",1025990.38461538
"838","SAN CRISTOBAL SUR","1108","2012 a 2020 ","aumento",434095.373333333
"839","ARBORIZADORA ALTA I","2460","2012 a 2020 ","aumento",651221.945454546
"840","ALMIRANTE COLON","9218","2012 a 2020 ","aumento",1264842
"841","GUIPARMA","1429","2012 a 2020 ","aumento",1029583.33333333
"842","LAS GUACAMAYAS IV","1353","2012 a 2020 ","aumento",862440
"843","LAS BRISAS","2430","2012 a 2020 ","aumento",790039.284883721
"844","EL MIRADOR II","204107","2012 a 2020 ","se mantuvo",0
"845","ESCUELA DE CABALLERIA I","8409","2012 a 2020 ","aumento",558318
"846","LOS SAUCES","4587","2012 a 2020 ","aumento",833342.947916667
"847","SAN AGUSTIN","1416","2012 a 2020 ","aumento",909775.090909091
"848","CHIGUAZA URBANO","1358","2012 a 2020 ","aumento",13675
"849","LA CABANA","2527","2012 a 2020 ","aumento",469251.01
"850","LA FISCALA NORTE","2597","2012 a 2020 ","aumento",374397.393484849
"851","LA PERSEVERANCIA","8104","2012 a 2020 ","aumento",716150.793650794
"852","DIANA TURBAY CULTIVOS","1432","2012 a 2020 ","aumento",336250.402375
"853","TOCAIMITA ORIENTAL","202410","2012 a 2020 ","se mantuvo",0
"854","VITELMA","1103","2012 a 2020 ","aumento",788605.333629032
"855","DIANA TURBAY","1421","2012 a 2020 ","aumento",1223692.76470588
"856","NARINO SUR","1207","2012 a 2020 ","aumento",1199708.33333333
"857","EL MOCHUELO II","104129","2012 a 2020 ","aumento",178583.333333333
"858","PALERMO SUR","2535","2012 a 2020 ","aumento",357271.186440678
"859","LOURDES","3212","2012 a 2020 ","aumento",355593.75
"860","BUENOS AIRES","1102","2012 a 2020 ","aumento",657894.736842105
"861","LA CABANA","1348","2012 a 2020 ","aumento",194819.226190476
"862","CIUDAD LONDRES RURAL","102312","2012 a 2020 ","aumento",166000
"863","BRISAS DEL LLANO","2635","2012 a 2020 ","aumento",401500
"864","SIERRA MORENA II","2444","2012 a 2020 ","aumento",650484.033333333
"865","DESARROLLO BRAZUELOS","2592","2012 a 2020 ","aumento",174936.111111111
"866","SAN JOSE SUR ORIENTAL","1314","2012 a 2020 ","aumento",478583.720930233
"867","SANTA BARBARA","3203","2012 a 2020 ","aumento",703095.238095238
"868","LA MACARENA","8105","2012 a 2020 ","aumento",1698177.36
"869","NUEVA DELHI","1323","2012 a 2020 ","aumento",419874.43952439
"870","LOS LACHES","3207","2012 a 2020 ","aumento",311531.282391304
"871","COMUNEROS","2543","2012 a 2020 ","aumento",590075.471698113
"872","VEREDA SUBA CERROS II","9265","2012 a 2020 ","aumento",423250
"873","PUERTO RICO","1427","2012 a 2020 ","aumento",819459.45945946
"874","AGUAS CLARAS I","1119","2012 a 2020 ","aumento",174219.8
"875","EL MOCHUELO II URBANO","2598","2012 a 2020 ","aumento",540000
"876","ESCUELA DE CABALLERIA II","8419","2012 a 2020 ","aumento",29000
"877","PARAMO URBANO I","8420","2012 a 2020 ","aumento",934689.454545455
"878","BOSQUE CALDERON","8207","2012 a 2020 ","aumento",2359052.63157895
"879","QUINTAS DEL SUR","2532","2012 a 2020 ","aumento",708885.714285714
"880","VILLA ANITA","2619","2012 a 2020 ","aumento",245670
"881","LA VICTORIA","1310","2012 a 2020 ","aumento",662334.482758621
"882","EL CURUBO","2606","2012 a 2020 ","aumento",323790.907809524
"883","EL NEVADO II","2629","2012 a 2020 ","aumento",2400
"884","EMAUS","8202","2012 a 2020 ","aumento",2600000
"885","LA RESURRECCION I","1431","2012 a 2020 ","aumento",498766.232394221
"886","EL PINAR","1324","2012 a 2020 ","aumento",413955.846994536
"887","GRANADA SUR","2541","2012 a 2020 ","aumento",816371.794871795
"888","PUERTA AL LLANO DE USME","2618","2012 a 2020 ","aumento",518569.879307692
"889","SAN FELIPE DE USME RURAL","202404","2012 a 2020 ","se mantuvo",0
"890","SAN FRANCISCO","2515","2012 a 2020 ","aumento",639560.905797101
"891","CARMEN DEL SOL","1434","2012 a 2020 ","aumento",794236.922094508
"892","LA ESTRELLITA","208203","2012 a 2020 ","aumento",57990.1960784314
"893","GRANADA SUR","1301","2012 a 2020 ","aumento",970140.905660377
"894","LA ESPERANZA DE USME","2615","2012 a 2020 ","aumento",397869.08563135
"895","CASABLANCA SUBA","9215","2012 a 2020 ","aumento",2110000
"896","LOS ROSALES","8304","2012 a 2020 ","aumento",2664565.2173913
"897","SAN BLAS","1106","2012 a 2020 ","aumento",642529.411764706
"898","LA PRADERA","2437","2012 a 2020 ","aumento",859031.578947368
"899","VILLA DE LOS ALPES I","1430","2012 a 2020 ","aumento",1372183.46808511
"900","TIBABITA RURAL I","108111","2012 a 2020 ","aumento",603000
"901","SIBERIA CENTRAL","8220","2012 a 2020 ","aumento",542039.80079858
"902","PERDOMO ALTO","2450","2012 a 2020 ","aumento",1018500
"903","GALICIA","2427","2012 a 2020 ","aumento",1302352.94117647
"904","RINCON DE GALICIA","2424","2012 a 2020 ","aumento",830204.545454545
"905","PARDO RUBIO I","201508","2012 a 2020 ","disminuyo",-67000
"906","PEPINITOS","102405","2012 a 2020 ","aumento",69070.67
"907","LOS LAURELES SUR ORIENTAL I","1118","2012 a 2020 ","aumento",158826.552631579
"908","RONDA","2518","2012 a 2020 ","aumento",617084.088888889
"909","EL TESORO","2547","2012 a 2020 ","aumento",499662.5
"910","BUENAVISTA","8535","2012 a 2020 ","aumento",546773.43373494
"911","PRIMAVERA II","2428","2012 a 2020 ","aumento",595833.333333333
"912","DONA LILIANA","1345","2012 a 2020 ","aumento",152015.7125
"913","EL TRIANGULO","201302","2012 a 2020 ","se mantuvo",0
"914","EL TUNO","2634","2012 a 2020 ","aumento",242394.117647059
"915","LA REQUILINA RURAL II","102604","2012 a 2020 ","aumento",182500
"916","PARAMO III RURAL","108114","2012 a 2020 ","aumento",1023200
"917","BRAZUELOS OCCIDENTAL","2591","2012 a 2020 ","aumento",395000
"918","HORIZONTES NORTE","8533","2012 a 2020 ","aumento",713183.63559322
"919","SEMINARIO","8302","2012 a 2020 ","aumento",1898599.56060606
"920","TIBABUYES II","9248","2012 a 2020 ","aumento",1009125
"921","ARBOLEDA SANTA TERESITA","1362","2012 a 2020 ","aumento",205978.531
"922","LA TORRE","2581","2012 a 2020 ","aumento",308333.333333333
"923","EL SALTEADOR","2643","2012 a 2020 ","aumento",480000
"924","BOLONIA I","202203","2012 a 2020 ","se mantuvo",0
"925","CENTRAL DE MEZCLAS","2562","2012 a 2020 ","aumento",75000
"926","YOMASA NORTE","2586","2012 a 2020 ","aumento",54100
"927","PUERTA AL LLANO RURAL","202511","2012 a 2020 ","aumento",271000
"928","OSORIO X","105210","2012 a 2020 ","aumento",1100000
"929","EL BAGAZAL","8319","2012 a 2020 ","aumento",891506
"930","SANTA CECILIA DE SUBA I","9268","2012 a 2020 ","aumento",510000
"931","RAMAJAL","1307","2012 a 2020 ","aumento",404710.325
"932","ALASKA","2551","2012 a 2020 ","aumento",166281.25
"933","FISCALA ALTA","2602","2012 a 2020 ","aumento",33850
"934","LOS OLIVARES","2604","2012 a 2020 ","aumento",426622.9425
"935","EL GACO","5669","2012 a 2020 ","aumento",1089976.43137255
"936","LA ESPERANZA SUR I","202204","2012 a 2020 ","se mantuvo",0
"937","VEREDA SUBA NARANJOS","9249","2012 a 2020 ","aumento",546441.816666667
"938","BELLA SUIZA","8404","2012 a 2020 ","aumento",3090833.33333333
"939","CEDRO SALAZAR","8508","2012 a 2020 ","aumento",1858418.60465116
"940","SAN JORGE SUR","1411","2012 a 2020 ","aumento",1130738.0952381
"941","TIBABITA","8521","2012 a 2020 ","aumento",950404.761904762
"942","CALVO SUR","1210","2012 a 2020 ","aumento",1160315.78947368
"943","ESCUELA DE CARABINEROS","9132","2012 a 2020 ","aumento",1316153.84615385
"944","SIERRA MORENA","2439","2012 a 2020 ","aumento",500609.584507042
"945","LOS MOLINOS","1417","2012 a 2020 ","aumento",770631.578947368
"946","MEXICO","2516","2012 a 2020 ","aumento",548165.595744681
"947","LA ANDREA","2524","2012 a 2020 ","aumento",675660.004277778
"948","SANTA LIBRADA","2526","2012 a 2020 ","aumento",706969.135802469
"949","LA MARICHUELA","2529","2012 a 2020 ","aumento",885259.493670886
"950","CHUNIZA","2537","2012 a 2020 ","aumento",682589.642110763
"951","LOS LAURELES II","2544","2012 a 2020 ","aumento",882093.71884347
"952","EL VIRREY","2548","2012 a 2020 ","aumento",572340.659340659
"953","SAN MARTIN","8109","2012 a 2020 ","aumento",1808333.33333333
"954","LAS ACACIAS","2513","2012 a 2020 ","aumento",940257.731958763
"955","LA VALVANERA","2455","2012 a 2020 ","aumento",1028125
"956","SAN CRISTOBAL NORTE","8505","2012 a 2020 ","aumento",1905558.97435897
"957","MARCO FIDEL SUAREZ","1410","2012 a 2020 ","aumento",1133875
"958","BARRANCAS","8507","2012 a 2020 ","aumento",1795142.85714286
"959","CANDELARIA LA NUEVA","2531","2012 a 2020 ","aumento",1153381.98248792
"960","LA ESTANCIA","2418","2012 a 2020 ","aumento",1563183.11932432
"961","EL SATELITE","2545","2012 a 2020 ","aumento",1005999.9047619
"962","MARRUECOS","1418","2012 a 2020 ","aumento",976585.161153846
"963","EL REMANSO","205320","2012 a 2020 ","aumento",92852.2142857143
"964","LAS MERCEDES","1107","2012 a 2020 ","aumento",607704.918032787
"965","SAN JAVIER","1110","2012 a 2020 ","aumento",850615.384615385
"966","VEINTE DE JULIO","1405","2012 a 2020 ","aumento",1449611.11111111
"967","NUEVO SAN ANDRES","2505","2012 a 2020 ","aumento",682323.333333333
"968","EL NOGAL","8311","2012 a 2020 ","aumento",3227190.47619048
"969","LAS NIEVES","3102","2012 a 2020 ","aumento",2374873.94594595
"970","SANTA BARBARA ORIENTAL","8413","2012 a 2020 ","aumento",3476666.66666667
"971","LA PRIMAVERA I","2443","2012 a 2020 ","aumento",1675483.87096774
"972","SANTA LIBRADA NORTE","2528","2012 a 2020 ","aumento",507476.531547619
"973","ANTONIO JOSE DE SUCRE","2571","2012 a 2020 ","aumento",396788.461538462
"974","LA MERCED","8103","2012 a 2020 ","aumento",1625252.375
"975","CORDOBA","1303","2012 a 2020 ","aumento",959583.333333333
"976","LA ALAMEDA","2523","2012 a 2020 ","aumento",589945.098039216
"977","LAS CRUCES","3202","2012 a 2020 ","aumento",609482.334782609
"978","BELEN","3204","2012 a 2020 ","aumento",740250
"979","SANTA ANA SUR","1111","2012 a 2020 ","aumento",908715.482758621
"980","GRAN YOMASA","2506","2012 a 2020 ","aumento",623447.236613394
"981","SAN PEDRO","1306","2012 a 2020 ","aumento",653421.052631579
"982","DESARROLLO BRAZUELOS I","2556","2012 a 2020 ","aumento",320916.666666667
"983","SAN BERNARDINO XVIII","205318","2012 a 2020 ","se mantuvo",0
"984","BARLOVENTO","2417","2012 a 2020 ","aumento",1521592.59259259
"985","MILLAN","2502","2012 a 2020 ","aumento",726800
"986","MODELO SUR","1209","2012 a 2020 ","aumento",1093000
"987","CHARALA","2611","2012 a 2020 ","aumento",527374.107142857
"988","PRIMERO DE MAYO","1112","2012 a 2020 ","aumento",1062631.90909091
"989","RINCON DE LA VALVANERA","2419","2012 a 2020 ","aumento",1399090.90909091
"990","SANTA TERESA","8503","2012 a 2020 ","aumento",1452294.11764706
"991","VERACRUZ","3109","2012 a 2020 ","aumento",2320821.42857143
"992","LOS CEDROS ORIENTAL","8509","2012 a 2020 ","aumento",1852500
"993","SAN ISIDRO","1406","2012 a 2020 ","aumento",910500
"994","LA COMUNA","2612","2012 a 2020 ","aumento",476550.718181818
"995","SAN ANTONIO NORTE","8523","2012 a 2020 ","aumento",1333502.2
"996","VILLA ALCAZAR","9263","2012 a 2020 ","aumento",950924.590163935
"997","VILLA DE LOS ALPES","1408","2012 a 2020 ","aumento",1341257.57575758
"998","SURAMERICA","1407","2012 a 2020 ","aumento",904000
"999","EL ROCIO NORTE","8522","2012 a 2020 ","aumento",1417946.42857143
"1000","CIUDAD HUNZA","9235","2012 a 2020 ","aumento",967934.833430742
"1001","REMANSO URBANO","4602","2012 a 2020 ","aumento",431930.833333333
"1002","PARQUE EL TUNAL","2410","2012 a 2020 ","aumento",83496
"1003","LA REFORMA","2627","2012 a 2020 ","aumento",400050.455609756
"1004","LA PICOTA","2511","2012 a 2020 ","aumento",376948.907191781
"1005","EL MOCHUELO III URBANO","2588","2012 a 2020 ","disminuyo",-11800
"1006","LAS MANAS","2520","2012 a 2020 ","aumento",585036.589285714
"1007","LAS BRISAS","1101","2012 a 2020 ","aumento",659400
"1008","LOS NARANJOS","9201","2012 a 2020 ","aumento",902115.56329849
"1009","DANUBIO","2519","2012 a 2020 ","aumento",751888.893059702
"1010","LAS GUACAMAYAS II","1352","2012 a 2020 ","aumento",850669.811320755
"1011","QUIBA URBANO","2583","2012 a 2020 ","aumento",420470.588235294
"1012","JERUSALEN","2434","2012 a 2020 ","aumento",876212.121212121
"1013","AGUAS CLARAS","201304","2012 a 2020 ","se mantuvo",0
"1014","PORVENIR","2589","2012 a 2020 ","aumento",442030.985
"1015","ALTOS DE CHOZICA","9222","2012 a 2020 ","aumento",801907.307692308
"1016","EL PARAISO","1329","2012 a 2020 ","aumento",551315.789473684
"1017","LAS GAVIOTAS","1334","2012 a 2020 ","aumento",432941.176470588
"1018","ARBORIZADORA ALTA  II","2461","2012 a 2020 ","aumento",689923.923076923
"1019","SERRANIAS","2542","2012 a 2020 ","aumento",318776.388888889
"1020","ARBORIZADORA ALTA","2569","2012 a 2020 ","aumento",791849.056603773
"1021","SALAZAR USME","2572","2012 a 2020 ","aumento",392516.769210526
"1022","EL PROGRESO USME","2613","2012 a 2020 ","aumento",522004.237945206
"1023","INGEMAR","8215","2012 a 2020 ","aumento",3171103.27272727
"1024","SERRANIAS I","2576","2012 a 2020 ","aumento",390887.755102041
"1025","COMPARTIR","2504","2012 a 2020 ","aumento",417205.479452055
"1026","EL REFUGIO","8303","2012 a 2020 ","aumento",2678684.17647059
"1027","TIBABITA I","8542","2012 a 2020 ","aumento",610509.7
"1028","EL DORADO INDUSTRIAL","5663","2012 a 2020 ","aumento",1320000
"1029","CASA BLANCA SUBA I","9258","2012 a 2020 ","aumento",1225514.19047619
"1030","EL MOCHUELO URBANO","2585","2012 a 2020 ","aumento",238125
"1031","JUAN JOSE RONDON","2557","2012 a 2020 ","aumento",661904.975903614
"1032","LA CITA","8504","2012 a 2020 ","aumento",469993.40625
"1033","CHAPINERITO","2610","2012 a 2020 ","aumento",498971.481111111
"1034","LA ORQUIDEA DE USME","2614","2012 a 2020 ","aumento",345769.230769231
"1035","JUAN REY SUR","1347","2012 a 2020 ","aumento",235822.689393939
"1036","EL BOSQUE","2609","2012 a 2020 ","aumento",295235.294117647
"1037","LA PEA RURAL","201404","2012 a 2020 ","aumento",71250
"1038","ARABIA 1","204127","2012 a 2020 ","aumento",336000
"1039","EL REFUGIO II","201108","2012 a 2020 ","aumento",1212909.25
"1040","PUENTE COLORADO","1317","2012 a 2020 ","aumento",229912.5
"1041","BARRANCAS ORIENTAL RURAL","108103","2012 a 2020 ","aumento",641165.625
"1042","QUIBA RURAL","204128","2012 a 2020 ","aumento",162000
"1043","EL REFUGIO I","201105","2012 a 2020 ","aumento",2962909.33333333
"1044","CIUDAD LONDRES I","1346","2012 a 2020 ","aumento",187357.142857143
"1045","SIBERIA","101502","2012 a 2020 ","disminuyo",-5000
"1046","SAN LUIS ALTOS DEL CABO RURAL II","208125","2012 a 2020 ","se mantuvo",0
"1047","LA REQUILINA","2632","2012 a 2020 ","disminuyo",-4300
"1048","PARAMO II","108108","2012 a 2020 ","se mantuvo",0
"1049","PARAMO II RURAL","108112","2012 a 2020 ","aumento",2e+06
"1050","LA PERSEVERANCIA I","201408","2012 a 2020 ","disminuyo",-52000
"1051","MOCHUELO ALTO URBANO","204131","2012 a 2020 ","se mantuvo",0
"1052","PARAMO I","108109","2012 a 2020 ","se mantuvo",0
"1053","DUITAMA","2550","2012 a 2020 ","aumento",361909.108
"1054","BRAZUELOS OCCIDENTAL RURAL","104130","2012 a 2020 ","aumento",395000
"1055","TIBAQUE III","201317","2012 a 2020 ","disminuyo",-5000
"1056","QUIBA BAJO","104110","2012 a 2020 ","aumento",385000
"1057","IRAGUA","9247","2012 a 2020 ","aumento",1410000
"1058","PARQUE NACIONAL URBANO","8114","2012 a 2020 ","aumento",882500
"1059","SIBERIA URBANO","8221","2012 a 2020 ","aumento",533000
"1060","TIBAQUE URBANO","1116","2012 a 2020 ","aumento",75277.75
"1061","LA ESTRELLITA III","8547","2012 a 2020 ","aumento",596500
"1062","ALTOS DE SUBA","9260","2012 a 2020 ","aumento",2e+06
"1063","MIRADOR DEL NORTE","8545","2012 a 2020 ","aumento",71000
"1064","CENTRO USME","202601","2020 a 2020 ","se mantuvo",0
"1065","VILLAS EL DIAMANTE","2558","2012 a 2020 ","aumento",321571.428571429
"1066","CERRO COLORADO","2575","2012 a 2020 ","aumento",320244
"1067","CIUDAD BOLIVAR RURAL I","104119","2012 a 2020 ","aumento",24000
"1068","LAS DELICIAS DEL CARMEN II SECTOR","208129","2012 a 2020 ","aumento",163556
"1069","BELLA FLOR SUR","104107","2012 a 2020 ","disminuyo",-9000
"1070","BARRANCAS ORIENTAL","208103","2012 a 2020 ","aumento",150750
"1071","PARAMO IV","208101","2012 a 2020 ","se mantuvo",0
"1072","PARAMO URBANO","208104","2012 a 2020 ","se mantuvo",0
"1073","SIBERIA RURAL","201502","2012 a 2020 ","se mantuvo",0
"1074","SANTA INES SUR II","1357","2012 a 2020 ","aumento",812000
"1075","SAN ISIDRO","208111","2012 a 2020 ","se mantuvo",0
"1076","SAN LUIS ALTOS DEL CABO","208110","2012 a 2020 ","se mantuvo",0
